"Year","Country_Name","Country_Code","Gold","Silver","Bronze"
"1896","Great Britain","GBR","2","3","2"
"1896","Hungary","HUN","2","1","3"
"1896","France","FRA","5","4","2"
"1896","United States","USA","11","7","2"
"1896","Germany","GER","6","5","2"
"1896","Austria","AUT","2","1","2"
"1896","Mixed team","ZZX","1","0","1"
"1896","Greece","GRE","10","18","19"
"1896","Switzerland","SUI","1","2","0"
"1896","Australia","AUS","2","0","0"
"1896","Denmark","DEN","1","2","3"
"1900","Italy","ITA","3","2","0"
"1900","Germany","GER","4","3","2"
"1900","Australia","AUS","2","0","3"
"1900","Hungary","HUN","1","2","2"
"1900","Denmark","DEN","1","3","2"
"1900","France","FRA","27","38","37"
"1900","Switzerland","SUI","6","2","1"
"1900","United States","USA","19","14","15"
"1900","Mixed team","ZZX","8","5","6"
"1900","Great Britain","GBR","15","8","9"
"1900","Cuba","CUB","1","1","0"
"1900","India","IND","0","2","0"
"1900","Netherlands","NED","0","2","3"
"1900","Bohemia","BOH","0","1","1"
"1900","Belgium","BEL","6","7","4"
"1900","Sweden","SWE","0","0","1"
"1900","Spain","ESP","1","0","0"
"1900","Canada","CAN","1","0","1"
"1900","Luxembourg","LUX","1","0","0"
"1900","Norway","NOR","0","2","3"
"1900","Austria","AUT","0","3","3"
"1904","Cuba","CUB","3","0","0"
"1904","Hungary","HUN","2","1","1"
"1904","Mixed team","ZZX","2","1","1"
"1904","United States","USA","76","78","77"
"1904","Germany","GER","4","5","6"
"1904","Canada","CAN","4","1","1"
"1904","Greece","GRE","1","0","1"
"1904","Australia","AUS","0","3","1"
"1904","France","FRA","0","1","0"
"1904","Switzerland","SUI","1","0","2"
"1904","Norway","NOR","2","0","0"
"1904","Austria","AUT","1","1","1"
"1904","Great Britain","GBR","1","1","0"
"1908","Canada","CAN","3","3","10"
"1908","Hungary","HUN","3","4","2"
"1908","Italy","ITA","2","2","0"
"1908","Norway","NOR","2","3","3"
"1908","Germany","GER","3","5","5"
"1908","United States","USA","23","12","12"
"1908","Great Britain","GBR","56","51","39"
"1908","France","FRA","5","5","9"
"1908","Sweden","SWE","8","6","11"
"1908","Denmark","DEN","0","2","3"
"1908","Greece","GRE","0","3","1"
"1908","Bohemia","BOH","0","0","2"
"1908","Austria","AUT","0","0","1"
"1908","Netherlands","NED","0","0","2"
"1908","Australasia","ANZ","1","2","2"
"1908","Belgium","BEL","1","5","2"
"1908","Russian Empire","RU1","1","2","0"
"1908","South Africa","RSA","1","1","0"
"1908","Finland","FIN","1","1","3"
"1912","Germany","GER","6","13","7"
"1912","Italy","ITA","5","1","2"
"1912","Norway","NOR","4","1","5"
"1912","South Africa","RSA","4","2","0"
"1912","Sweden","SWE","24","24","17"
"1912","United States","USA","26","19","19"
"1912","France","FRA","7","5","3"
"1912","Finland","FIN","9","8","9"
"1912","Canada","CAN","3","2","3"
"1912","Russian Empire","RU1","0","2","3"
"1912","Switzerland","SUI","1","0","0"
"1912","Netherlands","NED","0","0","3"
"1912","Austria","AUT","0","2","2"
"1912","Greece","GRE","1","0","1"
"1912","Australasia","ANZ","2","2","3"
"1912","Hungary","HUN","3","2","3"
"1912","Denmark","DEN","1","6","5"
"1912","Belgium","BEL","2","1","3"
"1912","Great Britain","GBR","10","15","16"
"1920","Switzerland","SUI","2","2","7"
"1920","Brazil","BRA","1","1","1"
"1920","Australia","AUS","0","2","1"
"1920","Denmark","DEN","3","9","1"
"1920","South Africa","RSA","3","4","3"
"1920","Canada","CAN","3","3","3"
"1920","Luxembourg","LUX","0","1","0"
"1920","Czechoslovakia","TCH","0","0","2"
"1920","New Zealand","NZL","0","0","1"
"1920","Japan","JPN","0","2","0"
"1920","Spain","ESP","0","2","0"
"1920","Greece","GRE","0","1","0"
"1920","Netherlands","NED","4","2","5"
"1920","Belgium","BEL","16","12","14"
"1920","Finland","FIN","15","10","9"
"1920","Sweden","SWE","19","20","25"
"1920","Estonia","EST","1","2","0"
"1920","United States","USA","41","27","27"
"1920","France","FRA","9","19","13"
"1920","Italy","ITA","13","5","5"
"1920","Norway","NOR","13","9","9"
"1920","Great Britain","GBR","14","16","13"
"1924","Norway","NOR","5","2","3"
"1924","Sweden","SWE","4","13","12"
"1924","Denmark","DEN","2","5","2"
"1924","Netherlands","NED","4","1","5"
"1924","Belgium","BEL","3","7","3"
"1924","Australia","AUS","3","1","2"
"1924","Switzerland","SUI","7","8","10"
"1924","France","FRA","13","15","10"
"1924","Finland","FIN","14","13","10"
"1924","United States","USA","45","27","27"
"1924","Italy","ITA","8","3","5"
"1924","Great Britain","GBR","9","13","12"
"1924","Haiti","HAI","0","0","1"
"1924","Hungary","HUN","2","3","4"
"1924","Romania","ROU","0","0","1"
"1924","Poland","POL","0","1","1"
"1924","Canada","CAN","0","3","1"
"1924","Japan","JPN","0","0","1"
"1924","New Zealand","NZL","0","0","1"
"1924","Portugal","POR","0","0","1"
"1924","Austria","AUT","0","3","1"
"1924","Argentina","ARG","1","3","2"
"1924","Czechoslovakia","TCH","1","4","5"
"1924","Yugoslavia","YUG","2","0","0"
"1924","Uruguay","URU","1","0","0"
"1924","South Africa","RSA","1","1","1"
"1924","Estonia","EST","1","1","4"
"1928","Great Britain","GBR","3","10","7"
"1928","Canada","CAN","4","4","7"
"1928","Hungary","HUN","4","5","0"
"1928","Czechoslovakia","TCH","2","5","2"
"1928","Japan","JPN","2","2","1"
"1928","Argentina","ARG","3","3","1"
"1928","Denmark","DEN","3","1","2"
"1928","Netherlands","NED","6","9","4"
"1928","Germany","GER","10","7","14"
"1928","Finland","FIN","8","8","9"
"1928","South Africa","RSA","1","0","2"
"1928","United States","USA","22","18","16"
"1928","Switzerland","SUI","7","4","4"
"1928","France","FRA","6","10","5"
"1928","Sweden","SWE","7","6","12"
"1928","Italy","ITA","7","5","7"
"1928","Estonia","EST","2","1","2"
"1928","Uruguay","URU","1","0","0"
"1928","Belgium","BEL","0","1","2"
"1928","New Zealand","NZL","1","0","0"
"1928","Spain","ESP","1","0","0"
"1928","Philippines","PHI","0","0","1"
"1928","Portugal","POR","0","0","1"
"1928","Chile","CHI","0","1","0"
"1928","Haiti","HAI","0","1","0"
"1928","Australia","AUS","1","2","1"
"1928","Norway","NOR","1","2","1"
"1928","Egypt","EGY","2","1","1"
"1928","Austria","AUT","2","0","1"
"1928","India","IND","1","0","0"
"1928","Ireland","IRL","1","0","0"
"1928","Poland","POL","1","1","3"
"1928","Yugoslavia","YUG","1","1","3"
"1932","Argentina","ARG","3","1","0"
"1932","Australia","AUS","3","1","1"
"1932","Germany","GER","3","12","5"
"1932","Poland","POL","2","1","4"
"1932","Netherlands","NED","2","5","0"
"1932","Canada","CAN","2","5","8"
"1932","Great Britain","GBR","4","7","5"
"1932","Sweden","SWE","9","5","9"
"1932","France","FRA","10","5","4"
"1932","Italy","ITA","12","12","12"
"1932","Finland","FIN","5","8","12"
"1932","Hungary","HUN","6","4","5"
"1932","Japan","JPN","7","7","4"
"1932","South Africa","RSA","2","0","3"
"1932","Philippines","PHI","0","0","3"
"1932","Switzerland","SUI","0","1","0"
"1932","New Zealand","NZL","0","1","0"
"1932","United States","USA","41","32","30"
"1932","Uruguay","URU","0","0","1"
"1932","Spain","ESP","0","0","1"
"1932","Latvia","LAT","0","1","0"
"1932","Austria","AUT","1","1","3"
"1932","Czechoslovakia","TCH","1","2","1"
"1932","Ireland","IRL","2","0","0"
"1932","Mexico","MEX","0","2","0"
"1932","Denmark","DEN","0","3","3"
"1932","India","IND","1","0","0"
"1936","Great Britain","GBR","4","7","3"
"1936","Austria","AUT","4","6","3"
"1936","Japan","JPN","6","4","8"
"1936","Netherlands","NED","6","4","7"
"1936","Estonia","EST","2","2","3"
"1936","Egypt","EGY","2","1","2"
"1936","Czechoslovakia","TCH","3","5","0"
"1936","Argentina","ARG","2","2","3"
"1936","United States","USA","24","20","12"
"1936","Hungary","HUN","10","1","5"
"1936","Portugal","POR","0","0","1"
"1936","Germany","GER","33","26","30"
"1936","France","FRA","7","6","6"
"1936","Sweden","SWE","6","5","9"
"1936","Italy","ITA","8","9","5"
"1936","Finland","FIN","7","6","6"
"1936","South Africa","RSA","0","1","0"
"1936","Yugoslavia","YUG","0","1","0"
"1936","Latvia","LAT","0","1","1"
"1936","Romania","ROU","0","1","0"
"1936","Australia","AUS","0","0","1"
"1936","Philippines","PHI","0","0","1"
"1936","Mexico","MEX","0","0","3"
"1936","Belgium","BEL","0","0","2"
"1936","Norway","NOR","1","3","2"
"1936","Turkey","TUR","1","0","1"
"1936","Switzerland","SUI","1","9","5"
"1936","Canada","CAN","1","3","5"
"1936","Poland","POL","0","3","3"
"1936","Denmark","DEN","0","2","3"
"1936","India","IND","1","0","0"
"1936","New Zealand","NZL","1","0","0"
"1948","Belgium","BEL","2","2","3"
"1948","Mexico","MEX","2","1","2"
"1948","Australia","AUS","2","6","5"
"1948","Great Britain","GBR","3","14","6"
"1948","Argentina","ARG","3","3","1"
"1948","Austria","AUT","1","0","3"
"1948","India","IND","1","0","0"
"1948","Jamaica","JAM","1","2","0"
"1948","South Africa","RSA","2","1","1"
"1948","Norway","NOR","1","3","3"
"1948","Netherlands","NED","5","2","9"
"1948","Hungary","HUN","10","5","12"
"1948","France","FRA","10","6","13"
"1948","Italy","ITA","8","11","8"
"1948","Turkey","TUR","6","4","2"
"1948","Finland","FIN","8","7","5"
"1948","Switzerland","SUI","5","10","5"
"1948","Denmark","DEN","5","7","8"
"1948","Czechoslovakia","TCH","6","2","3"
"1948","Sweden","SWE","16","11","17"
"1948","United States","USA","38","27","19"
"1948","Peru","PER","1","0","0"
"1948","South Korea","KOR","0","0","2"
"1948","Brazil","BRA","0","0","1"
"1948","Trinidad and Tobago","TRI","0","1","0"
"1948","Panama","PAN","0","0","2"
"1948","Puerto Rico","PUR","0","0","1"
"1948","Egypt","EGY","2","2","1"
"1948","Iran","IRI","0","0","1"
"1948","Poland","POL","0","0","1"
"1948","Portugal","POR","0","1","1"
"1948","Uruguay","URU","0","1","1"
"1948","Yugoslavia","YUG","0","2","0"
"1948","Canada","CAN","0","1","2"
"1948","Spain","ESP","0","1","0"
"1948","Cuba","CUB","0","1","0"
"1948","Ceylon","CEY","0","1","0"
"1952","Soviet Union","URS","22","30","19"
"1952","Italy","ITA","8","9","4"
"1952","United States","USA","40","19","17"
"1952","Hungary","HUN","16","10","16"
"1952","France","FRA","6","6","6"
"1952","Czechoslovakia","TCH","7","3","3"
"1952","Sweden","SWE","12","13","10"
"1952","Argentina","ARG","1","2","2"
"1952","Poland","POL","1","2","1"
"1952","Japan","JPN","1","6","2"
"1952","Great Britain","GBR","1","2","8"
"1952","Canada","CAN","1","2","0"
"1952","Brazil","BRA","1","0","2"
"1952","New Zealand","NZL","1","0","2"
"1952","Yugoslavia","YUG","1","2","0"
"1952","Romania","ROU","1","1","2"
"1952","Norway","NOR","3","2","0"
"1952","Switzerland","SUI","2","6","6"
"1952","Finland","FIN","6","3","13"
"1952","Australia","AUS","6","2","3"
"1952","South Africa","RSA","2","4","4"
"1952","Denmark","DEN","2","1","3"
"1952","Turkey","TUR","2","0","1"
"1952","Jamaica","JAM","2","3","0"
"1952","Belgium","BEL","2","2","0"
"1952","South Korea","KOR","0","0","2"
"1952","Trinidad and Tobago","TRI","0","0","2"
"1952","Mexico","MEX","0","1","0"
"1952","Spain","ESP","0","1","0"
"1952","Uruguay","URU","0","0","2"
"1952","Portugal","POR","0","0","1"
"1952","Venezuela","VEN","0","0","1"
"1952","Bulgaria","BUL","0","0","1"
"1952","Egypt","EGY","0","0","1"
"1952","Germany","GER","0","7","17"
"1952","Netherlands","NED","0","5","0"
"1952","India","IND","1","0","1"
"1952","Luxembourg","LUX","1","0","0"
"1952","Iran","IRI","0","3","4"
"1952","Lebanon","LIB","0","1","1"
"1952","Ireland","IRL","0","1","0"
"1952","Chile","CHI","0","2","0"
"1952","Austria","AUT","0","1","1"
"1956","Ireland","IRL","1","1","3"
"1956","Denmark","DEN","1","2","1"
"1956","Bulgaria","BUL","1","3","1"
"1956","Brazil","BRA","1","0","0"
"1956","Mexico","MEX","1","0","1"
"1956","Norway","NOR","1","0","2"
"1956","Canada","CAN","2","1","3"
"1956","Iran","IRI","2","2","1"
"1956","Bahamas","BAH","0","0","1"
"1956","Czechoslovakia","TCH","1","4","1"
"1956","Poland","POL","1","4","4"
"1956","New Zealand","NZL","2","0","0"
"1956","India","IND","1","0","0"
"1956","Austria","AUT","0","0","2"
"1956","South Africa","RSA","0","0","4"
"1956","Pakistan","PAK","0","1","0"
"1956","Uruguay","URU","0","0","1"
"1956","Switzerland","SUI","0","0","1"
"1956","Greece","GRE","0","0","1"
"1956","Belgium","BEL","0","2","0"
"1956","Chile","CHI","0","2","2"
"1956","Yugoslavia","YUG","0","3","0"
"1956","Iceland","ISL","0","1","0"
"1956","South Korea","KOR","0","1","1"
"1956","Argentina","ARG","0","1","1"
"1956","Romania","ROU","5","3","5"
"1956","Great Britain","GBR","6","7","11"
"1956","United Team of Germany","EUA","6","13","7"
"1956","Finland","FIN","3","1","11"
"1956","Turkey","TUR","3","2","2"
"1956","Japan","JPN","4","10","5"
"1956","Sweden","SWE","8","5","6"
"1956","United States","USA","32","25","17"
"1956","Soviet Union","URS","37","29","32"
"1956","France","FRA","4","4","6"
"1956","Hungary","HUN","9","10","7"
"1956","Italy","ITA","8","8","9"
"1956","Australia","AUS","13","8","14"
"1960","Sweden","SWE","1","2","3"
"1960","Finland","FIN","1","1","3"
"1960","New Zealand","NZL","2","0","1"
"1960","Great Britain","GBR","2","6","12"
"1960","Denmark","DEN","2","3","1"
"1960","Austria","AUT","1","1","0"
"1960","Greece","GRE","1","0","0"
"1960","Norway","NOR","1","0","0"
"1960","Ethiopia","ETH","1","0","0"
"1960","Yugoslavia","YUG","1","1","0"
"1960","Pakistan","PAK","1","0","1"
"1960","United Team of Germany","EUA","12","19","11"
"1960","Australia","AUS","8","8","6"
"1960","Italy","ITA","13","10","13"
"1960","Soviet Union","URS","43","29","31"
"1960","United States","USA","34","21","16"
"1960","Turkey","TUR","7","2","0"
"1960","Czechoslovakia","TCH","3","2","3"
"1960","Romania","ROU","3","1","6"
"1960","Poland","POL","4","6","11"
"1960","Hungary","HUN","6","8","7"
"1960","Japan","JPN","4","7","7"
"1960","Singapore","SIN","0","1","0"
"1960","Brazil","BRA","0","0","2"
"1960","Republic of China","ROC","0","1","0"
"1960","Morocco","MAR","0","1","0"
"1960","Portugal","POR","0","1","0"
"1960","British West Indies","BWI","0","0","2"
"1960","Venezuela","VEN","0","0","1"
"1960","Bulgaria","BUL","1","3","3"
"1960","Spain","ESP","0","0","1"
"1960","Iraq","IRQ","0","0","1"
"1960","Mexico","MEX","0","0","1"
"1960","India","IND","0","1","0"
"1960","Iran","IRI","0","1","3"
"1960","Netherlands","NED","0","1","2"
"1960","Belgium","BEL","0","2","2"
"1960","Switzerland","SUI","0","3","3"
"1960","France","FRA","0","2","3"
"1960","South Africa","RSA","0","1","2"
"1960","Canada","CAN","0","1","0"
"1960","Ghana","GHA","0","1","0"
"1960","Egypt","EGY","0","1","1"
"1960","Argentina","ARG","0","1","1"
"1964","France","FRA","1","8","6"
"1964","Canada","CAN","1","2","1"
"1964","Yugoslavia","YUG","2","1","2"
"1964","Belgium","BEL","2","0","1"
"1964","Ethiopia","ETH","1","0","0"
"1964","India","IND","1","0","0"
"1964","Switzerland","SUI","1","2","1"
"1964","Bahamas","BAH","1","0","0"
"1964","New Zealand","NZL","3","0","2"
"1964","Romania","ROU","2","4","6"
"1964","Bulgaria","BUL","3","5","2"
"1964","Finland","FIN","3","0","2"
"1964","Sweden","SWE","2","2","4"
"1964","Denmark","DEN","2","1","3"
"1964","Netherlands","NED","2","4","4"
"1964","Turkey","TUR","2","3","1"
"1964","Ireland","IRL","0","0","1"
"1964","Kenya","KEN","0","0","1"
"1964","Brazil","BRA","0","0","1"
"1964","Ghana","GHA","0","0","1"
"1964","Uruguay","URU","0","0","1"
"1964","Japan","JPN","16","5","8"
"1964","Mexico","MEX","0","0","1"
"1964","Nigeria","NGR","0","0","1"
"1964","Tunisia","TUN","0","1","1"
"1964","Argentina","ARG","0","1","0"
"1964","South Korea","KOR","0","2","1"
"1964","Trinidad and Tobago","TRI","0","1","2"
"1964","Philippines","PHI","0","1","0"
"1964","Iran","IRI","0","0","2"
"1964","Cuba","CUB","0","1","0"
"1964","Pakistan","PAK","0","1","0"
"1964","United Team of Germany","EUA","10","22","18"
"1964","Italy","ITA","10","10","7"
"1964","United States","USA","36","26","28"
"1964","Soviet Union","URS","30","31","35"
"1964","Hungary","HUN","10","7","5"
"1964","Czechoslovakia","TCH","5","6","3"
"1964","Great Britain","GBR","4","12","2"
"1964","Poland","POL","7","6","10"
"1964","Australia","AUS","6","2","10"
"1968","Mexico","MEX","3","3","3"
"1968","Yugoslavia","YUG","3","3","2"
"1968","Kenya","KEN","3","4","2"
"1968","Romania","ROU","4","6","5"
"1968","Italy","ITA","3","4","9"
"1968","Netherlands","NED","3","3","1"
"1968","Turkey","TUR","2","0","0"
"1968","Denmark","DEN","1","4","3"
"1968","Sweden","SWE","2","1","1"
"1968","Bulgaria","BUL","2","4","3"
"1968","Iran","IRI","2","1","2"
"1968","Hungary","HUN","10","10","12"
"1968","East Germany","GDR","9","9","7"
"1968","Japan","JPN","11","7","7"
"1968","United States","USA","45","28","34"
"1968","Soviet Union","URS","29","32","30"
"1968","France","FRA","7","3","5"
"1968","Great Britain","GBR","5","5","3"
"1968","Poland","POL","5","2","11"
"1968","Australia","AUS","5","7","5"
"1968","Czechoslovakia","TCH","7","2","4"
"1968","West Germany","FRG","5","11","10"
"1968","Canada","CAN","1","3","1"
"1968","Uganda","UGA","0","1","1"
"1968","Cameroon","CMR","0","1","0"
"1968","South Korea","KOR","0","1","1"
"1968","Brazil","BRA","0","1","2"
"1968","Belgium","BEL","0","1","1"
"1968","India","IND","0","0","1"
"1968","Republic of China","ROC","0","0","1"
"1968","Greece","GRE","0","0","1"
"1968","Jamaica","JAM","0","1","0"
"1968","Argentina","ARG","0","0","2"
"1968","Mongolia","MGL","0","1","3"
"1968","New Zealand","NZL","1","0","2"
"1968","Tunisia","TUN","1","0","1"
"1968","Norway","NOR","1","1","0"
"1968","Finland","FIN","1","2","1"
"1968","Ethiopia","ETH","1","1","0"
"1968","Austria","AUT","0","2","2"
"1968","Switzerland","SUI","0","1","4"
"1968","Cuba","CUB","0","4","0"
"1968","Pakistan","PAK","1","0","0"
"1968","Venezuela","VEN","1","0","0"
"1972","United States","USA","33","31","30"
"1972","East Germany","GDR","20","23","23"
"1972","West Germany","FRG","13","11","16"
"1972","Canada","CAN","0","2","3"
"1972","Cuba","CUB","3","1","4"
"1972","Soviet Union","URS","50","27","22"
"1972","Hungary","HUN","6","13","16"
"1972","Bulgaria","BUL","6","10","5"
"1972","Italy","ITA","5","3","10"
"1972","Japan","JPN","13","8","8"
"1972","Australia","AUS","8","7","2"
"1972","Poland","POL","7","5","9"
"1972","Czechoslovakia","TCH","2","4","2"
"1972","Kenya","KEN","2","3","4"
"1972","Yugoslavia","YUG","2","1","2"
"1972","Finland","FIN","3","1","4"
"1972","Netherlands","NED","3","1","1"
"1972","France","FRA","2","4","7"
"1972","Uganda","UGA","1","1","0"
"1972","Denmark","DEN","1","0","0"
"1972","Switzerland","SUI","0","3","0"
"1972","Norway","NOR","2","1","1"
"1972","North Korea","PRK","1","1","3"
"1972","New Zealand","NZL","1","1","1"
"1972","Jamaica","JAM","0","0","1"
"1972","India","IND","0","0","1"
"1972","Ghana","GHA","0","0","1"
"1972","Spain","ESP","0","0","1"
"1972","Nigeria","NGR","0","0","1"
"1972","Niger","NIG","0","0","1"
"1972","Tunisia","TUN","0","1","0"
"1972","South Korea","KOR","0","1","0"
"1972","Pakistan","PAK","0","1","0"
"1972","Ethiopia","ETH","0","0","2"
"1972","Brazil","BRA","0","0","2"
"1972","Turkey","TUR","0","1","0"
"1972","Mongolia","MGL","0","1","0"
"1972","Belgium","BEL","0","2","0"
"1972","Greece","GRE","0","2","0"
"1972","Austria","AUT","0","1","2"
"1972","Sweden","SWE","4","6","6"
"1972","Great Britain","GBR","4","5","9"
"1972","Iran","IRI","0","2","1"
"1972","Mexico","MEX","0","1","0"
"1972","Romania","ROU","3","6","7"
"1972","Lebanon","LIB","0","1","0"
"1972","Colombia","COL","0","1","2"
"1972","Argentina","ARG","0","1","0"
"1976","Romania","ROU","4","9","14"
"1976","Cuba","CUB","6","4","3"
"1976","Bulgaria","BUL","6","9","7"
"1976","Hungary","HUN","4","5","13"
"1976","Great Britain","GBR","3","5","5"
"1976","Sweden","SWE","4","1","0"
"1976","Finland","FIN","4","2","0"
"1976","East Germany","GDR","40","25","25"
"1976","Soviet Union","URS","49","41","35"
"1976","Pakistan","PAK","0","0","1"
"1976","United States","USA","34","35","25"
"1976","Poland","POL","7","6","13"
"1976","Japan","JPN","9","6","10"
"1976","West Germany","FRG","10","12","17"
"1976","Italy","ITA","2","7","4"
"1976","Portugal","POR","0","2","0"
"1976","Spain","ESP","0","2","0"
"1976","Australia","AUS","0","1","4"
"1976","Thailand","THA","0","0","1"
"1976","Belgium","BEL","0","3","3"
"1976","Netherlands","NED","0","2","3"
"1976","Iran","IRI","0","1","1"
"1976","Austria","AUT","0","0","1"
"1976","Bermuda","BER","0","0","1"
"1976","Puerto Rico","PUR","0","0","1"
"1976","Mongolia","MGL","0","1","0"
"1976","Venezuela","VEN","0","1","0"
"1976","Brazil","BRA","0","0","2"
"1976","Norway","NOR","1","1","0"
"1976","North Korea","PRK","1","1","0"
"1976","Jamaica","JAM","1","1","0"
"1976","Canada","CAN","0","5","6"
"1976","Mexico","MEX","1","0","1"
"1976","Denmark","DEN","1","0","2"
"1976","Switzerland","SUI","1","1","2"
"1976","Yugoslavia","YUG","2","3","3"
"1976","France","FRA","2","3","4"
"1976","Trinidad and Tobago","TRI","1","0","0"
"1976","South Korea","KOR","1","1","4"
"1976","New Zealand","NZL","2","1","1"
"1976","Czechoslovakia","TCH","2","2","4"
"1980","Romania","ROU","6","6","13"
"1980","Hungary","HUN","7","10","15"
"1980","Sweden","SWE","3","3","6"
"1980","Poland","POL","3","14","15"
"1980","Great Britain","GBR","5","7","9"
"1980","France","FRA","6","5","3"
"1980","East Germany","GDR","47","37","42"
"1980","Soviet Union","URS","80","69","46"
"1980","Ethiopia","ETH","2","0","2"
"1980","Italy","ITA","8","3","4"
"1980","Cuba","CUB","8","7","5"
"1980","Bulgaria","BUL","8","16","17"
"1980","Tanzania","TAN","0","2","0"
"1980","Mexico","MEX","0","1","3"
"1980","Netherlands","NED","0","1","2"
"1980","Zimbabwe","ZIM","1","0","0"
"1980","North Korea","PRK","0","3","2"
"1980","Mongolia","MGL","0","2","2"
"1980","Jamaica","JAM","0","0","3"
"1980","Guyana","GUY","0","0","1"
"1980","Lebanon","LIB","0","0","1"
"1980","Ireland","IRL","0","1","1"
"1980","Uganda","UGA","0","1","0"
"1980","Venezuela","VEN","0","1","0"
"1980","Australia","AUS","2","2","5"
"1980","Denmark","DEN","2","1","2"
"1980","Brazil","BRA","2","0","2"
"1980","Finland","FIN","3","1","4"
"1980","Czechoslovakia","TCH","2","3","9"
"1980","Yugoslavia","YUG","2","3","4"
"1980","Switzerland","SUI","2","0","0"
"1980","Greece","GRE","1","0","2"
"1980","Belgium","BEL","1","0","0"
"1980","India","IND","1","0","0"
"1980","Spain","ESP","1","3","2"
"1980","Austria","AUT","1","2","1"
"1984","Colombia","COL","0","1","0"
"1984","Puerto Rico","PUR","0","1","1"
"1984","United States","USA","83","61","30"
"1984","Romania","ROU","20","16","17"
"1984","Zambia","ZAM","0","0","1"
"1984","Dominican Republic","DOM","0","0","1"
"1984","Iceland","ISL","0","0","1"
"1984","West Germany","FRG","17","19","23"
"1984","Japan","JPN","10","8","14"
"1984","New Zealand","NZL","8","1","2"
"1984","Canada","CAN","10","18","16"
"1984","China","CHN","15","8","9"
"1984","Italy","ITA","14","6","12"
"1984","Peru","PER","0","1","0"
"1984","Syria","SYR","0","1","0"
"1984","Ivory Coast","CIV","0","1","0"
"1984","Egypt","EGY","0","1","0"
"1984","Ireland","IRL","0","1","0"
"1984","Thailand","THA","0","1","0"
"1984","Cameroon","CMR","0","0","1"
"1984","Chinese Taipei","TPE","0","0","1"
"1984","Algeria","ALG","0","0","2"
"1984","Turkey","TUR","0","0","3"
"1984","Venezuela","VEN","0","0","3"
"1984","Yugoslavia","YUG","7","4","7"
"1984","Portugal","POR","1","0","2"
"1984","Pakistan","PAK","1","0","0"
"1984","Kenya","KEN","1","0","2"
"1984","Belgium","BEL","1","1","2"
"1984","Austria","AUT","1","1","1"
"1984","Switzerland","SUI","0","4","4"
"1984","Greece","GRE","0","1","1"
"1984","Nigeria","NGR","0","1","1"
"1984","Norway","NOR","0","1","2"
"1984","Denmark","DEN","0","3","3"
"1984","Jamaica","JAM","0","1","2"
"1984","Netherlands","NED","5","2","6"
"1984","Australia","AUS","4","8","12"
"1984","France","FRA","5","7","16"
"1984","South Korea","KOR","6","6","7"
"1984","Great Britain","GBR","5","11","21"
"1984","Finland","FIN","4","2","6"
"1984","Brazil","BRA","1","5","2"
"1984","Spain","ESP","1","2","2"
"1984","Morocco","MAR","2","0","0"
"1984","Sweden","SWE","2","11","6"
"1984","Mexico","MEX","2","3","1"
"1988","Czechoslovakia","TCH","3","3","2"
"1988","Canada","CAN","3","2","5"
"1988","New Zealand","NZL","3","2","8"
"1988","Japan","JPN","4","3","7"
"1988","Australia","AUS","3","6","5"
"1988","Yugoslavia","YUG","3","4","5"
"1988","Denmark","DEN","2","1","1"
"1988","Brazil","BRA","1","2","3"
"1988","Finland","FIN","1","1","2"
"1988","Poland","POL","2","5","9"
"1988","Norway","NOR","2","3","0"
"1988","Netherlands","NED","2","2","5"
"1988","South Korea","KOR","12","10","11"
"1988","West Germany","FRG","11","14","15"
"1988","Hungary","HUN","11","6","6"
"1988","Soviet Union","URS","55","31","46"
"1988","East Germany","GDR","37","35","30"
"1988","United States","USA","36","31","27"
"1988","Bulgaria","BUL","10","12","13"
"1988","China","CHN","5","11","12"
"1988","Great Britain","GBR","5","10","9"
"1988","Kenya","KEN","5","2","2"
"1988","Romania","ROU","7","11","6"
"1988","France","FRA","6","4","6"
"1988","Italy","ITA","6","4","4"
"1988","Spain","ESP","1","1","2"
"1988","Virgin Islands","ISV","0","1","0"
"1988","Belgium","BEL","0","0","2"
"1988","Mexico","MEX","0","0","2"
"1988","Netherlands Antilles","AHO","0","1","0"
"1988","Peru","PER","0","1","0"
"1988","Senegal","SEN","0","1","0"
"1988","Colombia","COL","0","0","1"
"1988","Pakistan","PAK","0","0","1"
"1988","Philippines","PHI","0","0","1"
"1988","Thailand","THA","0","0","1"
"1988","Djibouti","DJI","0","0","1"
"1988","Greece","GRE","0","0","1"
"1988","Mongolia","MGL","0","0","1"
"1988","Portugal","POR","1","0","0"
"1988","Suriname","SUR","1","0","0"
"1988","Sweden","SWE","0","4","7"
"1988","Turkey","TUR","1","1","0"
"1988","Morocco","MAR","1","0","2"
"1988","Austria","AUT","1","0","0"
"1988","Switzerland","SUI","0","2","2"
"1988","Costa Rica","CRC","0","1","0"
"1988","Indonesia","INA","0","1","0"
"1988","Iran","IRI","0","1","0"
"1988","Jamaica","JAM","0","2","0"
"1988","Argentina","ARG","0","1","1"
"1988","Chile","CHI","0","1","0"
"1992","Norway","NOR","2","4","1"
"1992","Kenya","KEN","2","4","2"
"1992","Indonesia","INA","2","2","1"
"1992","Turkey","TUR","2","2","2"
"1992","Bulgaria","BUL","3","7","6"
"1992","Japan","JPN","3","8","11"
"1992","Netherlands","NED","2","6","7"
"1992","Poland","POL","3","6","10"
"1992","Denmark","DEN","1","1","4"
"1992","Finland","FIN","1","2","2"
"1992","Ireland","IRL","1","1","0"
"1992","Morocco","MAR","1","1","1"
"1992","Greece","GRE","2","0","0"
"1992","Brazil","BRA","2","1","0"
"1992","New Zealand","NZL","1","4","5"
"1992","Sweden","SWE","1","7","4"
"1992","Spain","ESP","13","7","2"
"1992","Cuba","CUB","14","6","11"
"1992","Hungary","HUN","11","12","7"
"1992","South Korea","KOR","12","5","12"
"1992","United States","USA","37","34","37"
"1992","Unified Team","EUN","45","38","29"
"1992","China","CHN","16","22","16"
"1992","Germany","GER","33","21","28"
"1992","Romania","ROU","4","6","8"
"1992","Great Britain","GBR","5","3","12"
"1992","North Korea","PRK","4","0","5"
"1992","Czechoslovakia","TCH","4","2","1"
"1992","Australia","AUS","7","9","11"
"1992","France","FRA","8","5","16"
"1992","Italy","ITA","6","5","8"
"1992","Canada","CAN","7","4","7"
"1992","Argentina","ARG","0","0","1"
"1992","Slovenia","SLO","0","0","2"
"1992","Colombia","COL","0","0","1"
"1992","Bahamas","BAH","0","0","1"
"1992","Mexico","MEX","0","1","0"
"1992","Chinese Taipei","TPE","0","1","0"
"1992","Mongolia","MGL","0","0","2"
"1992","Peru","PER","0","1","0"
"1992","Qatar","QAT","0","0","1"
"1992","Puerto Rico","PUR","0","0","1"
"1992","Thailand","THA","0","0","1"
"1992","Suriname","SUR","0","0","1"
"1992","Malaysia","MAS","0","0","1"
"1992","Ghana","GHA","0","0","1"
"1992","Philippines","PHI","0","0","1"
"1992","Pakistan","PAK","0","0","1"
"1992","Jamaica","JAM","0","3","1"
"1992","Switzerland","SUI","1","0","0"
"1992","Latvia","LAT","0","2","1"
"1992","Nigeria","NGR","0","3","1"
"1992","Algeria","ALG","1","0","1"
"1992","Ethiopia","ETH","1","0","2"
"1992","Lithuania","LTU","1","0","1"
"1992","Estonia","EST","1","0","1"
"1992","Independent Olympic Participants","IOP","0","1","2"
"1992","Croatia","CRO","0","1","2"
"1992","Israel","ISR","0","1","1"
"1992","Iran","IRI","0","1","2"
"1992","Namibia","NAM","0","2","0"
"1992","Austria","AUT","0","2","0"
"1992","Belgium","BEL","0","1","2"
"1992","South Africa","RSA","0","2","0"
"1996","South Africa","RSA","3","1","1"
"1996","New Zealand","NZL","3","2","1"
"1996","Sweden","SWE","2","4","2"
"1996","Ireland","IRL","3","0","1"
"1996","Brazil","BRA","3","3","9"
"1996","Bulgaria","BUL","3","7","5"
"1996","Canada","CAN","3","11","8"
"1996","Kazakhstan","KAZ","3","4","4"
"1996","Japan","JPN","3","6","5"
"1996","Norway","NOR","2","2","3"
"1996","Belarus","BLR","1","6","8"
"1996","Great Britain","GBR","1","8","6"
"1996","Jamaica","JAM","1","3","2"
"1996","Kenya","KEN","1","4","3"
"1996","Ethiopia","ETH","2","0","1"
"1996","Nigeria","NGR","2","1","3"
"1996","Belgium","BEL","2","2","2"
"1996","Algeria","ALG","2","0","1"
"1996","North Korea","PRK","2","1","2"
"1996","Turkey","TUR","4","1","1"
"1996","Australia","AUS","9","9","23"
"1996","Italy","ITA","13","10","12"
"1996","Ukraine","UKR","9","2","12"
"1996","Cuba","CUB","9","8","8"
"1996","France","FRA","15","7","15"
"1996","Russia","RUS","26","21","16"
"1996","United States","USA","44","32","25"
"1996","China","CHN","16","22","12"
"1996","Germany","GER","20","18","27"
"1996","South Korea","KOR","7","15","5"
"1996","Czech Republic","CZE","4","3","4"
"1996","Greece","GRE","4","4","0"
"1996","Denmark","DEN","4","1","1"
"1996","Switzerland","SUI","4","3","0"
"1996","Netherlands","NED","4","5","10"
"1996","Hungary","HUN","7","4","10"
"1996","Poland","POL","7","5","5"
"1996","Romania","ROU","4","7","9"
"1996","Spain","ESP","5","6","6"
"1996","Finland","FIN","1","2","1"
"1996","Zambia","ZAM","0","1","0"
"1996","Tonga","TGA","0","1","0"
"1996","Morocco","MAR","0","0","2"
"1996","Georgia","GEO","0","0","2"
"1996","Philippines","PHI","0","1","0"
"1996","Bahamas","BAH","0","1","0"
"1996","Azerbaijan","AZE","0","1","0"
"1996","Latvia","LAT","0","1","0"
"1996","Chinese Taipei","TPE","0","1","0"
"1996","Trinidad and Tobago","TRI","0","0","2"
"1996","Puerto Rico","PUR","0","0","1"
"1996","Mozambique","MOZ","0","0","1"
"1996","Uganda","UGA","0","0","1"
"1996","Tunisia","TUN","0","0","1"
"1996","Mongolia","MGL","0","0","1"
"1996","Israel","ISR","0","0","1"
"1996","India","IND","0","0","1"
"1996","Mexico","MEX","0","0","1"
"1996","Lithuania","LTU","0","0","1"
"1996","Uzbekistan","UZB","0","1","1"
"1996","Portugal","POR","1","0","1"
"1996","Croatia","CRO","1","1","0"
"1996","Burundi","BDI","1","0","0"
"1996","Thailand","THA","1","0","1"
"1996","Armenia","ARM","1","1","0"
"1996","Yugoslavia","YUG","1","1","2"
"1996","Indonesia","INA","1","1","2"
"1996","Slovakia","SVK","1","1","1"
"1996","Iran","IRI","1","1","1"
"1996","Costa Rica","CRC","1","0","0"
"1996","Austria","AUT","0","1","2"
"1996","Slovenia","SLO","0","2","0"
"1996","Moldova","MDA","0","1","1"
"1996","Malaysia","MAS","0","1","1"
"1996","Namibia","NAM","0","2","0"
"1996","Hong Kong","HKG","1","0","0"
"1996","Ecuador","ECU","1","0","0"
"1996","Argentina","ARG","0","2","1"
"1996","Syria","SYR","1","0","0"
"2000","Spain","ESP","3","3","5"
"2000","Canada","CAN","3","3","8"
"2000","Iran","IRI","3","0","1"
"2000","Turkey","TUR","3","0","2"
"2000","Belarus","BLR","3","3","11"
"2000","Ethiopia","ETH","4","1","3"
"2000","Norway","NOR","4","3","3"
"2000","Kazakhstan","KAZ","3","4","0"
"2000","Ukraine","UKR","3","10","10"
"2000","Azerbaijan","AZE","2","0","1"
"2000","Lithuania","LTU","2","0","3"
"2000","Slovenia","SLO","2","0","0"
"2000","Bahamas","BAH","2","0","1"
"2000","Austria","AUT","2","1","0"
"2000","Kenya","KEN","2","3","2"
"2000","Czech Republic","CZE","2","3","3"
"2000","Finland","FIN","2","1","1"
"2000","Denmark","DEN","2","3","1"
"2000","Italy","ITA","13","8","13"
"2000","France","FRA","13","14","11"
"2000","Cuba","CUB","11","11","7"
"2000","Netherlands","NED","12","9","4"
"2000","Germany","GER","13","17","26"
"2000","Russia","RUS","32","28","29"
"2000","United States","USA","37","24","32"
"2000","Australia","AUS","16","25","17"
"2000","China","CHN","28","16","14"
"2000","Bulgaria","BUL","5","6","2"
"2000","Japan","JPN","5","8","5"
"2000","Sweden","SWE","4","5","3"
"2000","Greece","GRE","4","6","3"
"2000","Poland","POL","6","5","3"
"2000","Romania","ROU","11","6","9"
"2000","Great Britain","GBR","11","10","7"
"2000","Hungary","HUN","8","6","3"
"2000","South Korea","KOR","8","10","10"
"2000","Moldova","MDA","0","1","1"
"2000","North Korea","PRK","0","1","3"
"2000","Trinidad and Tobago","TRI","0","1","1"
"2000","Saudi Arabia","KSA","0","1","1"
"2000","Morocco","MAR","0","1","4"
"2000","South Africa","RSA","0","2","3"
"2000","Belgium","BEL","0","2","3"
"2000","Chinese Taipei","TPE","0","1","4"
"2000","Argentina","ARG","0","2","2"
"2000","Portugal","POR","0","0","2"
"2000","Costa Rica","CRC","0","0","2"
"2000","Barbados","BAR","0","0","1"
"2000","Armenia","ARM","0","0","1"
"2000","Georgia","GEO","0","0","6"
"2000","Sri Lanka","SRI","0","1","0"
"2000","Ireland","IRL","0","1","0"
"2000","Vietnam","VIE","0","1","0"
"2000","Uruguay","URU","0","1","0"
"2000","Uzbekistan","UZB","1","1","2"
"2000","Algeria","ALG","1","1","3"
"2000","Yugoslavia","YUG","1","1","1"
"2000","Latvia","LAT","1","1","1"
"2000","Nigeria","NGR","1","2","0"
"2000","Indonesia","INA","1","3","2"
"2000","Switzerland","SUI","1","6","2"
"2000","Mexico","MEX","1","2","3"
"2000","Slovakia","SVK","1","3","1"
"2000","Mozambique","MOZ","1","0","0"
"2000","Colombia","COL","1","0","0"
"2000","Jamaica","JAM","0","6","3"
"2000","Brazil","BRA","0","6","6"
"2000","Cameroon","CMR","1","0","0"
"2000","Estonia","EST","1","0","2"
"2000","New Zealand","NZL","1","0","3"
"2000","Croatia","CRO","1","0","1"
"2000","Thailand","THA","1","0","2"
"2000","Israel","ISR","0","0","1"
"2000","Kuwait","KUW","0","0","1"
"2000","Iceland","ISL","0","0","1"
"2000","India","IND","0","0","1"
"2000","Qatar","QAT","0","0","1"
"2000","Chile","CHI","0","0","1"
"2000","Kyrgyzstan","KGZ","0","0","1"
"2000","Macedonia","MKD","0","0","1"
"2004","Canada","CAN","3","6","3"
"2004","Spain","ESP","3","11","6"
"2004","Poland","POL","3","2","5"
"2004","Turkey","TUR","3","3","5"
"2004","Norway","NOR","5","0","1"
"2004","Georgia","GEO","2","2","0"
"2004","Sweden","SWE","4","2","1"
"2004","Netherlands","NED","4","9","9"
"2004","Iran","IRI","2","2","2"
"2004","Ethiopia","ETH","2","3","2"
"2004","Chinese Taipei","TPE","2","2","1"
"2004","Slovakia","SVK","2","2","2"
"2004","Thailand","THA","3","1","4"
"2004","New Zealand","NZL","3","2","0"
"2004","Austria","AUT","2","4","1"
"2004","Belarus","BLR","2","5","6"
"2004","Brazil","BRA","5","2","3"
"2004","Japan","JPN","16","9","12"
"2004","Australia","AUS","17","16","17"
"2004","France","FRA","11","9","13"
"2004","Germany","GER","13","16","20"
"2004","United States","USA","36","39","26"
"2004","Belgium","BEL","1","0","2"
"2004","Russia","RUS","28","26","36"
"2004","China","CHN","32","17","14"
"2004","Ukraine","UKR","8","5","9"
"2004","Hungary","HUN","8","6","3"
"2004","Greece","GRE","6","6","4"
"2004","Romania","ROU","8","5","6"
"2004","South Korea","KOR","9","12","9"
"2004","Italy","ITA","10","11","11"
"2004","Cuba","CUB","9","7","11"
"2004","Great Britain","GBR","9","9","12"
"2004","Bulgaria","BUL","2","1","9"
"2004","Finland","FIN","0","2","0"
"2004","Portugal","POR","0","2","1"
"2004","Serbia and Montenegro","SCG","0","2","0"
"2004","Estonia","EST","0","1","2"
"2004","Slovenia","SLO","0","1","3"
"2004","United Arab Emirates","UAE","1","0","0"
"2004","Dominican Republic","DOM","1","0","0"
"2004","North Korea","PRK","0","4","1"
"2004","Mexico","MEX","0","3","1"
"2004","Latvia","LAT","0","4","0"
"2004","Nigeria","NGR","0","0","2"
"2004","Venezuela","VEN","0","0","2"
"2004","Colombia","COL","0","0","2"
"2004","India","IND","0","1","0"
"2004","Paraguay","PAR","0","1","0"
"2004","Trinidad and Tobago","TRI","0","0","1"
"2004","Hong Kong","HKG","0","1","0"
"2004","Syria","SYR","0","0","1"
"2004","Eritrea","ERI","0","0","1"
"2004","Mongolia","MGL","0","0","1"
"2004","Kazakhstan","KAZ","1","4","3"
"2004","Chile","CHI","2","0","1"
"2004","Kenya","KEN","1","4","2"
"2004","South Africa","RSA","1","3","2"
"2004","Czech Republic","CZE","1","3","5"
"2004","Jamaica","JAM","2","1","2"
"2004","Denmark","DEN","2","1","5"
"2004","Uzbekistan","UZB","2","1","2"
"2004","Argentina","ARG","2","0","4"
"2004","Morocco","MAR","2","1","0"
"2004","Azerbaijan","AZE","1","0","4"
"2004","Zimbabwe","ZIM","1","1","1"
"2004","Bahamas","BAH","1","0","1"
"2004","Cameroon","CMR","1","0","0"
"2004","Israel","ISR","1","0","1"
"2004","Lithuania","LTU","1","2","0"
"2004","Croatia","CRO","1","2","2"
"2004","Egypt","EGY","1","1","3"
"2004","Indonesia","INA","1","1","2"
"2004","Switzerland","SUI","1","1","3"
"2008","Kazakhstan","KAZ","2","3","4"
"2008","Georgia","GEO","3","2","2"
"2008","Denmark","DEN","2","2","3"
"2008","Thailand","THA","2","2","2"
"2008","North Korea","PRK","2","2","2"
"2008","Belarus","BLR","3","4","7"
"2008","Brazil","BRA","3","4","10"
"2008","Czech Republic","CZE","3","3","1"
"2008","New Zealand","NZL","3","2","4"
"2008","Slovakia","SVK","3","3","0"
"2008","Mongolia","MGL","2","2","0"
"2008","Azerbaijan","AZE","1","1","4"
"2008","Slovenia","SLO","1","2","2"
"2008","Indonesia","INA","1","1","4"
"2008","Turkey","TUR","1","1","3"
"2008","Bulgaria","BUL","1","1","3"
"2008","Argentina","ARG","2","0","4"
"2008","Switzerland","SUI","2","1","4"
"2008","Mexico","MEX","2","0","2"
"2008","Zimbabwe","ZIM","1","3","0"
"2008","Belgium","BEL","2","0","0"
"2008","Norway","NOR","3","5","1"
"2008","South Korea","KOR","13","11","8"
"2008","Australia","AUS","14","15","17"
"2008","Japan","JPN","9","8","8"
"2008","France","FRA","7","16","20"
"2008","Italy","ITA","8","9","10"
"2008","United States","USA","36","39","37"
"2008","China","CHN","48","22","30"
"2008","Russia","RUS","24","13","23"
"2008","Germany","GER","16","11","14"
"2008","Great Britain","GBR","19","13","19"
"2008","Netherlands","NED","7","5","4"
"2008","Romania","ROU","4","1","4"
"2008","Ethiopia","ETH","4","2","1"
"2008","Cuba","CUB","3","10","17"
"2008","Hungary","HUN","3","5","2"
"2008","Canada","CAN","3","9","8"
"2008","Kenya","KEN","6","4","6"
"2008","Ukraine","UKR","7","4","11"
"2008","Spain","ESP","5","11","3"
"2008","Poland","POL","4","5","2"
"2008","Jamaica","JAM","5","4","2"
"2008","Chinese Taipei","TPE","1","1","2"
"2008","Ecuador","ECU","0","1","0"
"2008","Chile","CHI","0","1","0"
"2008","Iceland","ISL","0","1","0"
"2008","Samoa","SAM","0","1","0"
"2008","Malaysia","MAS","0","1","0"
"2008","Algeria","ALG","0","1","1"
"2008","Serbia","SRB","0","1","2"
"2008","Bahamas","BAH","0","1","1"
"2008","Tajikistan","TJK","0","1","1"
"2008","Morocco","MAR","0","1","1"
"2008","Singapore","SIN","0","1","0"
"2008","Mauritius","MRI","0","0","1"
"2008","Israel","ISR","0","0","1"
"2008","Moldova","MDA","0","0","1"
"2008","Venezuela","VEN","0","0","1"
"2008","Togo","TOG","0","0","1"
"2008","Sudan","SUD","0","1","0"
"2008","South Africa","RSA","0","1","0"
"2008","Vietnam","VIE","0","1","0"
"2008","Afghanistan","AFG","0","0","1"
"2008","Egypt","EGY","0","0","2"
"2008","Kyrgyzstan","KGZ","0","1","2"
"2008","India","IND","1","0","2"
"2008","Trinidad and Tobago","TTO","1","1","0"
"2008","Iran","IRI","1","0","1"
"2008","Panama","PAN","1","0","0"
"2008","Cameroon","CMR","1","0","0"
"2008","Latvia","LAT","1","1","1"
"2008","Finland","FIN","1","1","2"
"2008","Dominican Republic","DOM","1","1","0"
"2008","Portugal","POR","1","1","0"
"2008","Estonia","EST","1","1","0"
"2008","Tunisia","TUN","1","0","0"
"2008","Armenia","ARM","0","1","4"
"2008","Greece","GRE","0","2","1"
"2008","Uzbekistan","UZB","0","1","3"
"2008","Ireland","IRL","0","1","2"
"2008","Austria","AUT","0","1","2"
"2008","Lithuania","LTU","0","3","2"
"2008","Sweden","SWE","0","4","1"
"2008","Nigeria","NGR","0","3","2"
"2008","Colombia","COL","0","2","1"
"2008","Croatia","CRO","0","2","3"
"2012","Kenya","KEN","2","4","7"
"2012","Belarus","BLR","2","5","3"
"2012","Denmark","DEN","2","4","3"
"2012","Azerbaijan","AZE","2","2","5"
"2012","Romania","ROU","2","4","1"
"2012","Ethiopia","ETH","3","2","3"
"2012","Poland","POL","3","2","6"
"2012","Kazakhstan","KAZ","3","1","7"
"2012","Canada","CAN","2","6","10"
"2012","Croatia","CRO","3","1","2"
"2012","Switzerland","SUI","2","2","0"
"2012","Georgia","GEO","1","2","3"
"2012","Mexico","MEX","1","3","4"
"2012","Ireland","IRL","1","1","4"
"2012","Serbia","SRB","1","1","2"
"2012","Argentina","ARG","1","1","2"
"2012","Lithuania","LTU","2","0","3"
"2012","Norway","NOR","2","1","1"
"2012","Tunisia","TUN","2","0","1"
"2012","Colombia","COL","1","3","5"
"2012","Sweden","SWE","1","4","3"
"2012","Brazil","BRA","3","5","9"
"2012","France","FRA","11","11","13"
"2012","Germany","GER","11","20","13"
"2012","Australia","AUS","8","15","12"
"2012","Hungary","HUN","8","4","6"
"2012","Italy","ITA","8","9","11"
"2012","China","CHN","38","31","22"
"2012","United States","USA","46","28","30"
"2012","Great Britain","GBR","29","17","19"
"2012","South Korea","KOR","13","9","8"
"2012","Russia","RUS","20","20","28"
"2012","Japan","JPN","7","14","17"
"2012","Jamaica","JAM","4","5","3"
"2012","Spain","ESP","4","10","5"
"2012","Czech Republic","CZE","4","3","4"
"2012","North Korea","PRK","4","0","3"
"2012","South Africa","RSA","4","1","1"
"2012","Netherlands","NED","6","6","8"
"2012","Iran","IRI","7","5","1"
"2012","New Zealand","NZL","6","2","5"
"2012","Cuba","CUB","5","3","7"
"2012","Ukraine","UKR","5","4","10"
"2012","Guatemala","GUA","0","1","0"
"2012","Gabon","GAB","0","1","0"
"2012","Montenegro","MNE","0","1","0"
"2012","Uzbekistan","UZB","0","0","3"
"2012","Portugal","POR","0","1","0"
"2012","Malaysia","MAS","0","1","1"
"2012","Estonia","EST","0","1","1"
"2012","Puerto Rico","PUR","0","1","1"
"2012","Cyprus","CYP","0","1","0"
"2012","Botswana","BOT","0","1","0"
"2012","Greece","GRE","0","0","2"
"2012","Morocco","MAR","0","0","1"
"2012","Kuwait","KUW","0","0","1"
"2012","Saudi Arabia","KSA","0","0","1"
"2012","Vietnam","VIE","0","0","1"
"2012","Tajikistan","TJK","0","0","1"
"2012","Singapore","SIN","0","0","2"
"2012","Qatar","QAT","0","0","2"
"2012","Afghanistan","AFG","0","0","1"
"2012","Hong Kong","HKG","0","0","1"
"2012","Cameroon","CMR","0","0","1"
"2012","Armenia","ARM","0","1","1"
"2012","Algeria","ALG","1","0","0"
"2012","Latvia","LAT","1","0","1"
"2012","Bahamas","BAH","1","0","0"
"2012","Grenada","GRN","1","0","0"
"2012","Bahrain","BRN","1","0","0"
"2012","Trinidad and Tobago","TRI","1","1","2"
"2012","Slovenia","SLO","1","1","2"
"2012","Turkey","TUR","1","1","1"
"2012","Chinese Taipei","TPE","1","0","1"
"2012","Dominican Republic","DOM","1","1","0"
"2012","Uganda","UGA","1","0","0"
"2012","Finland","FIN","0","2","1"
"2012","Bulgaria","BUL","0","2","1"
"2012","Indonesia","INA","0","2","1"
"2012","Belgium","BEL","0","1","2"
"2012","Slovakia","SVK","0","1","3"
"2012","Egypt","EGY","0","3","1"
"2012","Venezuela","VEN","1","0","0"
"2012","India","IND","0","2","4"
"2012","Thailand","THA","0","2","2"
"2012","Mongolia","MGL","0","2","3"
"2016","Denmark","DEN","2","6","7"
"2016","Argentina","ARG","3","1","0"
"2016","Sweden","SWE","2","6","3"
"2016","Ukraine","UKR","2","5","4"
"2016","South Africa","RSA","2","6","2"
"2016","Colombia","COL","3","2","3"
"2016","Kazakhstan","KAZ","3","5","10"
"2016","Switzerland","SUI","3","2","2"
"2016","Greece","GRE","3","1","2"
"2016","Iran","IRI","3","1","4"
"2016","Serbia","SRB","2","4","2"
"2016","Azerbaijan","AZE","1","7","10"
"2016","Georgia","GEO","2","1","4"
"2016","Belarus","BLR","1","4","4"
"2016","Armenia","ARM","1","3","0"
"2016","Turkey","TUR","1","3","4"
"2016","North Korea","PRK","2","3","2"
"2016","Poland","POL","2","3","6"
"2016","Belgium","BEL","2","2","2"
"2016","Slovakia","SVK","2","2","0"
"2016","Thailand","THA","2","2","2"
"2016","Uzbekistan","UZB","4","2","7"
"2016","Japan","JPN","12","8","21"
"2016","Germany","GER","17","10","15"
"2016","France","FRA","10","18","14"
"2016","Italy","ITA","8","12","8"
"2016","South Korea","KOR","9","3","9"
"2016","United States","USA","46","37","38"
"2016","United Arab Emirates","UAE","0","0","1"
"2016","Great Britain","GBR","27","23","17"
"2016","Russia","RUS","19","17","20"
"2016","China","CHN","26","18","26"
"2016","Australia","AUS","8","11","10"
"2016","Croatia","CRO","5","3","2"
"2016","Jamaica","JAM","6","3","2"
"2016","Cuba","CUB","5","2","4"
"2016","Canada","CAN","4","3","15"
"2016","New Zealand","NZL","4","9","5"
"2016","Hungary","HUN","8","3","4"
"2016","Netherlands","NED","8","7","4"
"2016","Brazil","BRA","7","6","6"
"2016","Kenya","KEN","6","6","1"
"2016","Spain","ESP","7","4","6"
"2016","Niger","NIG","0","1","0"
"2016","Grenada","GRN","0","1","0"
"2016","Philippines","PHI","0","1","0"
"2016","Norway","NOR","0","0","4"
"2016","Qatar","QAT","0","1","0"
"2016","Bulgaria","BUL","0","1","2"
"2016","Lithuania","LTU","0","1","3"
"2016","India","IND","0","1","1"
"2016","Burundi","BDI","0","1","0"
"2016","Mongolia","MGL","0","1","1"
"2016","Egypt","EGY","0","0","3"
"2016","Morocco","MAR","0","0","1"
"2016","Finland","FIN","0","0","1"
"2016","Nigeria","NGR","0","0","1"
"2016","Trinidad and Tobago","TTO","0","0","1"
"2016","Portugal","POR","0","0","1"
"2016","Israel","ISR","0","0","2"
"2016","Tunisia","TUN","0","0","3"
"2016","Austria","AUT","0","0","1"
"2016","Estonia","EST","0","0","1"
"2016","Dominican Republic","DOM","0","0","1"
"2016","Ireland","IRL","0","2","0"
"2016","Vietnam","VIE","1","1","0"
"2016","Bahrain","BRN","1","1","0"
"2016","Chinese Taipei","TPE","1","0","2"
"2016","Independent Olympic Athletes","","1","0","1"
"2016","Bahamas","BAH","1","0","1"
"2016","Ethiopia","ETH","1","2","5"
"2016","Czech Republic","CZE","1","2","7"
"2016","Slovenia","SLO","1","2","1"
"2016","Romania","ROU","1","1","2"
"2016","Indonesia","INA","1","2","0"
"2016","Ivory Coast","CIV","1","0","1"
"2016","Malaysia","MAS","0","4","1"
"2016","Tajikistan","TJK","1","0","0"
"2016","Mexico","MEX","0","3","2"
"2016","Algeria","ALG","0","2","0"
"2016","Venezuela","VEN","0","2","1"
"2016","Jordan","JOR","1","0","0"
"2016","Fiji","FIJ","1","0","0"
"2016","Kosovo","KOS","1","0","0"
"2016","Singapore","SGP","1","0","0"
"2016","Puerto Rico","PUR","1","0","0"
"2020","Bulgaria","BUL","3","1","2"
"2020","Belgium","BEL","3","1","3"
"2020","Slovenia","SLO","3","1","1"
"2020","Georgia","GEO","2","5","1"
"2020","Uzbekistan","UZB","3","0","2"
"2020","Denmark","DEN","3","4","4"
"2020","Switzerland","SUI","3","4","6"
"2020","Croatia","CRO","3","3","2"
"2020","Serbia","SRB","3","1","5"
"2020","Iran","IRI","3","2","2"
"2020","Chinese Taipei","TPE","2","4","6"
"2020","Bahamas","BAH","2","0","0"
"2020","Qatar","QAT","2","0","1"
"2020","Kosovo","KOS","2","0","0"
"2020","Belarus","BLR","1","3","3"
"2020","Ukraine","UKR","1","6","12"
"2020","Israel","ISR","2","0","2"
"2020","Greece","GRE","2","1","1"
"2020","Turkey","TUR","2","2","9"
"2020","Uganda","UGA","2","1","1"
"2020","Ireland","IRL","2","0","2"
"2020","Ecuador","ECU","2","1","0"
"2020","Sweden","SWE","3","6","0"
"2020","Netherlands","NED","10","12","14"
"2020","Australia","AUS","17","7","22"
"2020","France","FRA","10","12","11"
"2020","Italy","ITA","10","10","20"
"2020","Germany","GER","10","11","16"
"2020","ROC","ROC","20","28","23"
"2020","United States","USA","39","41","33"
"2020","Dominican Republic","DOM","0","3","2"
"2020","China","CHN","38","32","18"
"2020","Great Britain","GBR","22","21","22"
"2020","Japan","JPN","27","14","17"
"2020","Canada","CAN","7","6","11"
"2020","Kenya","KEN","4","4","2"
"2020","Czech Republic","CZE","4","4","3"
"2020","Norway","NOR","4","2","2"
"2020","Spain","ESP","3","8","6"
"2020","Jamaica","JAM","4","1","4"
"2020","Poland","POL","4","5","5"
"2020","New Zealand","NZL","7","6","7"
"2020","Brazil","BRA","7","6","8"
"2020","Cuba","CUB","7","3","5"
"2020","South Korea","KOR","6","4","10"
"2020","Hungary","HUN","6","7","7"
"2020","Romania","ROU","1","3","0"
"2020","Lithuania","LTU","0","1","0"
"2020","Bahrain","BRN","0","1","0"
"2020","Namibia","NAM","0","1","0"
"2020","Saudi Arabia","KSA","0","1","0"
"2020","North Macedonia","MKD","0","1","0"
"2020","Nigeria","NGR","0","1","1"
"2020","Argentina","ARG","0","1","2"
"2020","Mongolia","MGL","0","1","3"
"2020","San Marino","SMR","0","1","2"
"2020","Malaysia","MAS","0","1","1"
"2020","Jordan","JOR","0","1","1"
"2020","Turkmenistan","TKM","0","1","0"
"2020","Ivory Coast","CIV","0","0","1"
"2020","Grenada","GRN","0","0","1"
"2020","Kuwait","KUW","0","0","1"
"2020","Syria","SYR","0","0","1"
"2020","Moldova","MDA","0","0","1"
"2020","Ghana","GHA","0","0","1"
"2020","Mexico","MEX","0","0","4"
"2020","Kazakhstan","KAZ","0","0","8"
"2020","Finland","FIN","0","0","2"
"2020","Burkina Faso","BUR","0","0","1"
"2020","Botswana","BOT","0","0","1"
"2020","Egypt","EGY","1","1","4"
"2020","Austria","AUT","1","1","5"
"2020","Indonesia","INA","1","1","3"
"2020","Portugal","POR","1","1","2"
"2020","Ethiopia","ETH","1","1","2"
"2020","South Africa","RSA","1","2","0"
"2020","India","IND","1","2","4"
"2020","Venezuela","VEN","1","3","0"
"2020","Hong Kong","HKG","1","2","3"
"2020","Slovakia","SVK","1","2","1"
"2020","Philippines","PHI","1","2","1"
"2020","Tunisia","TUN","1","1","0"
"2020","Colombia","COL","0","4","1"
"2020","Puerto Rico","PUR","1","0","0"
"2020","Azerbaijan","AZE","0","3","4"
"2020","Kyrgyzstan","KGZ","0","2","1"
"2020","Armenia","ARM","0","2","2"
"2020","Morocco","MAR","1","0","0"
"2020","Fiji","FIJ","1","0","1"
"2020","Estonia","EST","1","0","1"
"2020","Latvia","LAT","1","0","1"
"2020","Bermuda","BER","1","0","0"
"2020","Thailand","THA","1","0","1"
